<?xml version='1.0' encoding='UTF-8'?>
<!DOCTYPE hibernate-configuration PUBLIC
          "-//Hibernate/Hibernate Configuration DTD 3.0//EN"
          "http://hibernate.sourceforge.net/hibernate-configuration-3.0.dtd">

<!-- Generated by MyEclipse Hibernate Tools.                   -->
<hibernate-configuration>

    <session-factory>
        <property name="dialect">org.hibernate.dialect.MySQLDialect</property>
        <property name="connection.url">jdbc:mysql://127.0.0.1:3306/my</property>
        <property name="connection.username">chuan</property>
        <property name="connection.password">7777</property>
        <property name="connection.driver_class">com.mysql.cj.jdbc.Driver</property>
    </session-factory>

</hibernate-configuration>